2025-02-28 12:10:33.783733,4,6,0
2025-02-28 12:10:44.660480,4,6,0
2025-02-28 12:10:55.541904,4,6,0
2025-02-28 12:11:06.432693,3,6,0
2025-02-28 12:11:17.330767,4,5,0
2025-02-28 12:11:28.210300,4,5,0
2025-02-28 12:11:39.111281,6,3,0
2025-02-28 12:11:49.991791,6,3,0
2025-02-28 12:12:00.908097,7,2,0
2025-02-28 12:12:11.804293,7,2,0
2025-02-28 12:12:22.723068,7,2,0
2025-02-28 12:12:33.610634,7,2,0
2025-02-28 12:12:44.658342,7,2,0
2025-02-28 12:12:55.666354,7,2,0
2025-02-28 12:13:06.670096,8,1,0
2025-02-28 12:13:17.611607,8,1,0
2025-02-28 12:13:28.738179,8,1,0
2025-02-28 12:14:24.040214,8,1,0
2025-02-28 12:14:28.845211,8,2,0
2025-02-28 12:14:34.002763,7,3,1
2025-02-28 12:14:38.775315,7,4,0
2025-02-28 12:14:43.330468,7,5,0
2025-02-28 12:15:00.692546,8,4,0
2025-02-28 12:15:11.780525,8,4,0
2025-02-28 12:15:22.886318,8,4,0
2025-02-28 12:15:33.979848,8,4,0
2025-02-28 12:15:45.034273,7,4,0
2025-02-28 12:15:56.114388,8,3,0
2025-02-28 12:16:07.194354,8,3,0
2025-02-28 12:16:18.308381,8,3,0
2025-02-28 12:16:29.319545,9,2,0
2025-02-28 12:16:40.398322,9,2,0
2025-02-28 12:16:51.433343,9,2,0
2025-02-28 12:17:02.412749,9,2,0
2025-02-28 12:17:13.452299,9,2,0
2025-02-28 12:17:24.497332,9,2,0
2025-02-28 12:17:35.526537,9,2,0
2025-02-28 12:17:46.507518,9,2,0
2025-02-28 12:17:57.538938,9,2,0
2025-02-28 12:18:08.524511,9,2,0
2025-02-28 12:18:19.637190,9,2,0
2025-02-28 12:18:30.764295,9,2,0
2025-02-28 12:18:41.840341,9,2,0
2025-02-28 12:18:52.959307,9,2,0
2025-02-28 12:19:04.118796,9,2,0
2025-02-28 12:19:15.159296,9,2,0
2025-02-28 12:19:26.175379,8,2,0
2025-02-28 12:19:37.300446,9,1,0
2025-02-28 12:19:51.468511,9,2,0
2025-02-28 12:20:04.992634,9,3,0
2025-02-28 12:20:15.998180,9,3,0
2025-02-28 12:20:26.988554,9,3,0
2025-02-28 12:20:37.998746,9,3,0
2025-02-28 12:20:49.048167,9,3,0
2025-02-28 12:21:00.074897,9,3,0
2025-02-28 12:21:11.071642,9,3,0
2025-02-28 12:21:22.117511,9,3,0
2025-02-28 12:21:33.136535,9,3,0
2025-02-28 12:21:44.093400,9,3,0
2025-02-28 12:21:55.077561,9,3,0
2025-02-28 12:22:06.082646,9,3,0
2025-02-28 12:22:17.163637,9,3,0
2025-02-28 12:22:28.162663,9,3,0
2025-02-28 12:22:39.238834,8,3,0
2025-02-28 12:22:50.241775,7,5,0
2025-02-28 12:23:01.258756,8,4,0
2025-02-28 12:23:12.305671,9,3,0
2025-02-28 12:23:23.202679,9,3,0
2025-02-28 12:23:34.317698,9,3,0
2025-02-28 12:23:45.349223,9,3,0
2025-02-28 12:23:56.354710,9,3,0
2025-02-28 12:24:07.412657,9,3,0
2025-02-28 12:24:18.450801,9,3,0
2025-02-28 12:24:29.523521,9,3,0
2025-02-28 12:24:40.522820,9,3,0
2025-02-28 12:24:51.496801,9,3,0
2025-02-28 12:25:02.541641,9,3,0
2025-02-28 12:25:13.515760,8,5,0
2025-02-28 12:25:24.581874,8,5,0
2025-02-28 12:25:35.536490,8,5,0
2025-02-28 12:25:46.565842,7,5,1
2025-02-28 12:25:57.546101,7,5,0
2025-02-28 12:26:08.531778,6,7,0
2025-02-28 12:26:19.549607,5,7,0
2025-02-28 12:26:30.759652,5,6,1
2025-02-28 12:26:41.932645,5,6,0
2025-02-28 12:26:53.173510,5,6,0
2025-02-28 12:27:04.383101,6,5,0
2025-02-28 12:27:15.526242,6,5,0
2025-02-28 12:27:26.721704,6,5,0
2025-02-28 12:27:38.028291,6,5,0
2025-02-28 12:27:49.046770,6,5,0
2025-02-28 12:28:00.131628,6,5,0
2025-02-28 12:28:11.208287,6,5,0
2025-02-28 12:28:22.255642,6,5,0
2025-02-28 12:28:33.143505,6,5,0
2025-02-28 12:28:44.021193,6,5,0
2025-02-28 12:28:54.898805,6,5,0
2025-02-28 12:29:09.399150,6,5,0
2025-02-28 12:29:20.387491,6,5,0
2025-02-28 12:29:31.384867,6,5,0
2025-02-28 12:29:42.407898,6,5,0
2025-02-28 12:29:53.442597,6,5,0
2025-02-28 12:30:04.444458,6,5,0
2025-02-28 12:30:15.523379,6,5,0
2025-02-28 12:30:26.557744,6,5,0
2025-02-28 12:30:37.724661,5,7,0
2025-02-28 12:30:48.692945,5,7,0
2025-02-28 12:30:59.675528,6,6,0
2025-02-28 12:31:10.719456,6,6,0
2025-02-28 12:31:21.717062,6,6,0
2025-02-28 12:31:32.754663,6,6,0
2025-02-28 12:31:43.768291,6,6,0
2025-02-28 12:31:54.723378,5,8,1
2025-02-28 12:32:05.764940,5,8,0
2025-02-28 12:32:16.909745,5,8,0
2025-02-28 12:32:28.002650,5,8,0
2025-02-28 12:32:39.228873,5,8,0
2025-02-28 12:32:50.402957,5,8,0
2025-02-28 12:33:01.739879,4,10,1
2025-02-28 12:33:13.073687,4,10,0
2025-02-28 12:33:24.255713,5,9,0
2025-02-28 12:33:35.527996,5,9,0
2025-02-28 12:33:46.671768,5,9,0
2025-02-28 12:33:57.925313,5,9,0
2025-02-28 12:34:09.032006,5,9,0
2025-02-28 12:34:20.362680,5,9,0
2025-02-28 12:34:31.394295,5,9,0
2025-02-28 12:34:42.393789,5,9,0
2025-02-28 12:34:53.450514,5,9,0
2025-02-28 12:35:04.489412,5,9,0
2025-02-28 12:35:15.554080,5,9,0
2025-02-28 12:35:26.569064,5,9,0
2025-02-28 12:35:37.663916,5,9,0
2025-02-28 12:35:48.647866,5,9,0
2025-02-28 12:35:59.747889,5,9,0
2025-02-28 12:36:10.813583,5,9,0
2025-02-28 12:36:21.826936,5,9,0
2025-02-28 12:36:33.127715,4,9,0
2025-02-28 12:36:44.213820,4,9,0
2025-02-28 12:36:55.206934,4,9,0
2025-02-28 12:37:06.142818,5,8,0
2025-02-28 12:37:17.210817,5,7,0
2025-02-28 12:37:28.250791,6,6,0
2025-02-28 12:37:39.423732,6,6,0
2025-02-28 12:37:50.542624,6,6,0
2025-02-28 12:38:01.553776,7,5,0
2025-02-28 12:38:12.681979,7,5,0
2025-02-28 12:38:23.693534,8,4,0
2025-02-28 12:38:34.678896,8,4,0
2025-02-28 12:38:45.777309,8,4,0
2025-02-28 12:38:56.817107,8,4,0
2025-02-28 12:39:07.875913,8,4,0
2025-02-28 12:39:18.942083,8,4,0
2025-02-28 12:39:30.109713,8,4,0
2025-02-28 12:39:41.383076,8,4,0
2025-02-28 12:39:52.418926,8,4,0
2025-02-28 12:40:03.581635,8,4,0
2025-02-28 12:40:14.905765,8,4,0
2025-02-28 12:40:25.984826,8,4,0
2025-02-28 12:40:36.992935,8,4,0
2025-02-28 12:40:48.107819,8,4,0
2025-02-28 12:40:59.218583,8,4,0
2025-02-28 12:41:10.449794,8,4,0
2025-02-28 12:41:21.769139,8,4,0
2025-02-28 12:41:32.990573,8,4,0
2025-02-28 12:41:44.121020,8,4,0
2025-02-28 12:41:55.409606,8,4,0
2025-02-28 12:42:06.487867,8,4,0
2025-02-28 12:42:17.573877,8,4,0
2025-02-28 12:42:28.828000,8,4,0
2025-02-28 12:42:40.169335,8,4,0
2025-02-28 12:42:51.242363,8,4,0
2025-02-28 12:43:02.535772,8,4,0
2025-02-28 12:43:13.769850,8,4,0
2025-02-28 12:43:25.013606,8,4,0
2025-02-28 12:43:36.280869,8,4,0
2025-02-28 12:43:47.525168,8,4,0
2025-02-28 12:43:58.725895,8,4,0
2025-02-28 12:44:09.698883,8,4,0
2025-02-28 12:44:20.673732,8,4,0
2025-02-28 12:44:31.718044,8,4,0
2025-02-28 12:44:42.658806,8,4,0
2025-02-28 12:44:53.567806,8,4,0
2025-02-28 12:45:04.629884,8,4,0
2025-02-28 12:45:15.550996,8,4,0
2025-02-28 12:45:26.733959,8,4,0
2025-02-28 12:45:37.802056,8,4,0
2025-02-28 12:45:48.874923,8,4,0
2025-02-28 12:45:59.923670,8,4,0
2025-02-28 12:46:10.845142,8,4,0
2025-02-28 12:46:22.101304,8,4,0
2025-02-28 12:46:33.149766,8,4,0
2025-02-28 12:46:44.068671,8,4,0
2025-02-28 12:46:55.135742,9,3,0
2025-02-28 12:47:06.051938,9,3,0
2025-02-28 12:47:17.137032,9,3,0
2025-02-28 12:47:28.079643,9,3,0
2025-02-28 12:47:39.141904,9,3,0
2025-02-28 12:47:50.069235,9,3,0
2025-02-28 12:48:01.119502,9,3,0
2025-02-28 12:48:12.012420,9,3,0
2025-02-28 12:48:23.108135,9,3,0
2025-02-28 12:48:34.155153,9,3,0
2025-02-28 12:48:45.106576,9,3,0
2025-02-28 12:48:56.230937,9,3,0
2025-02-28 12:49:07.142686,9,3,0
2025-02-28 12:49:18.033836,9,3,0
2025-02-28 12:49:29.269521,9,3,0
2025-02-28 12:49:40.346155,9,3,0
2025-02-28 12:49:51.432097,9,3,0
2025-02-28 12:50:02.330151,9,3,0
2025-02-28 12:50:13.396874,9,3,0
2025-02-28 12:50:24.322883,9,3,0
2025-02-28 12:50:35.432701,8,3,0
2025-02-28 12:50:46.345885,8,3,0
2025-02-28 12:50:57.444850,8,3,0
2025-02-28 12:51:08.365917,7,3,1
2025-02-28 12:51:19.461943,7,3,0
2025-02-28 12:51:30.368764,7,3,0
2025-02-28 12:51:41.419318,7,2,0
2025-02-28 12:51:52.334618,8,1,0
2025-02-28 12:52:05.896855,8,2,0
2025-02-28 12:52:20.157993,7,3,1
2025-02-28 12:52:31.062826,7,3,0
2025-02-28 12:52:42.118996,8,2,0
2025-02-28 12:52:53.152414,8,2,0
2025-02-28 12:53:04.039959,8,2,0
2025-02-28 12:53:15.083879,8,2,0
2025-02-28 12:53:26.148890,8,2,0
2025-02-28 12:53:37.048360,8,2,0
2025-02-28 12:53:48.132867,7,2,0
2025-02-28 12:53:59.016372,8,1,0
2025-02-28 12:54:13.124112,8,2,0
2025-02-28 12:54:26.630203,8,3,0
2025-02-28 12:54:37.548822,8,3,0
2025-02-28 12:54:48.650495,8,3,0
2025-02-28 12:54:59.572013,8,3,0
2025-02-28 12:55:10.600131,8,3,0
2025-02-28 12:55:21.629860,7,3,0
2025-02-28 12:55:32.563908,8,2,0
2025-02-28 12:55:43.652986,9,1,0
2025-02-28 12:55:57.038312,9,2,0
2025-02-28 12:56:10.525787,9,3,0
2025-02-28 12:56:21.625312,9,3,0
2025-02-28 12:56:32.652500,9,3,0
2025-02-28 12:56:43.594112,9,3,0
2025-02-28 12:56:54.636093,9,3,0
2025-02-28 12:57:05.567151,9,3,0
2025-02-28 12:57:16.608203,8,3,0
2025-02-28 12:57:27.637980,8,3,0
2025-02-28 12:57:38.537074,9,2,0
2025-02-28 12:57:49.649049,9,2,0
2025-02-28 12:58:00.827853,9,2,0
2025-02-28 12:58:12.185612,9,2,0
2025-02-28 12:58:23.261177,9,2,0
2025-02-28 12:58:34.513059,9,2,0
2025-02-28 12:58:45.828906,9,2,0
2025-02-28 12:58:56.964154,9,2,0
2025-02-28 12:59:08.144827,9,2,0
2025-02-28 12:59:19.112929,9,2,0
2025-02-28 12:59:30.051050,9,2,0
2025-02-28 12:59:41.912465,9,2,0
2025-02-28 12:59:52.957544,9,2,0
2025-02-28 13:00:03.943344,9,2,0
2025-02-28 13:00:14.836502,9,2,0
2025-02-28 13:00:25.967848,8,4,1
2025-02-28 13:00:36.878210,8,4,0
2025-02-28 13:00:47.972964,9,3,0
2025-02-28 13:00:58.862772,9,3,0
2025-02-28 13:01:09.927137,8,3,1
2025-02-28 13:01:20.862995,7,3,0
2025-02-28 13:01:31.898695,8,2,0
2025-02-28 13:01:42.836523,8,1,0
2025-02-28 13:01:56.593330,9,1,0
2025-02-28 13:02:10.396412,10,1,0
2025-02-28 13:02:25.285096,10,2,0
2025-02-28 13:02:39.983506,10,3,0
2025-02-28 13:02:51.290598,9,5,0
2025-02-28 13:03:02.470448,9,5,0
2025-02-28 13:03:13.729340,10,6,0
2025-02-28 13:03:24.777453,9,6,0
2025-02-28 13:03:36.222275,8,6,0
2025-02-28 13:03:48.089534,8,6,0
2025-02-28 13:03:59.229543,8,6,0
2025-02-28 13:04:10.682855,8,6,0
2025-02-28 13:04:22.011348,7,8,0
2025-02-28 13:04:33.042141,7,8,0
2025-02-28 13:04:44.131032,8,7,0
2025-02-28 13:04:55.063758,8,7,0
2025-02-28 13:05:06.113907,8,7,0
2025-02-28 13:05:17.168702,8,7,0
2025-02-28 13:05:28.098031,7,7,1
2025-02-28 13:05:39.170428,7,7,0
2025-02-28 13:05:50.103424,8,6,0
2025-02-28 13:06:01.183544,8,6,0
2025-02-28 13:06:12.118569,8,6,0
2025-02-28 13:06:23.168687,8,6,0
2025-02-28 13:06:34.129448,8,6,0
2025-02-28 13:06:45.439567,8,8,0
2025-02-28 13:06:56.358498,7,8,0
2025-02-28 13:07:07.418677,7,8,0
2025-02-28 13:07:18.523995,8,7,0
2025-02-28 13:07:29.660012,8,7,0
2025-02-28 13:07:40.617033,8,7,0
2025-02-28 13:07:51.641082,8,7,0
2025-02-28 13:08:02.547535,7,9,1
2025-02-28 13:08:13.600644,7,9,0
2025-02-28 13:08:24.687408,8,8,0
2025-02-28 13:08:35.640209,8,8,0
2025-02-28 13:08:46.556821,8,8,0
2025-02-28 13:08:57.675869,7,10,0
2025-02-28 13:09:08.633980,7,10,0
2025-02-28 13:09:19.709240,7,10,0
2025-02-28 13:09:30.648615,7,10,0
2025-02-28 13:09:41.590852,7,10,0
2025-02-28 13:09:52.720971,7,10,0
2025-02-28 13:10:03.609435,7,10,0
2025-02-28 13:10:14.697917,7,10,0
2025-02-28 13:10:25.627709,6,12,1
2025-02-28 13:10:36.682042,6,12,0
2025-02-28 13:10:47.595108,7,11,0
2025-02-28 13:10:58.723172,6,13,1
2025-02-28 13:11:09.618088,6,13,0
2025-02-28 13:11:20.773115,6,13,0
2025-02-28 13:11:31.840548,7,12,0
2025-02-28 13:11:42.898813,7,12,0
2025-02-28 13:11:53.955033,7,12,0
2025-02-28 13:12:04.847805,7,12,0
2025-02-28 13:12:15.959622,7,12,0
2025-02-28 13:12:26.854808,7,12,0
2025-02-28 13:12:37.903578,7,12,0
2025-02-28 13:12:48.812034,7,12,0
2025-02-28 13:13:00.061997,7,12,0
2025-02-28 13:13:11.235456,7,12,0
2025-02-28 13:13:22.367118,7,12,0
2025-02-28 13:13:33.573237,8,11,0
2025-02-28 13:13:44.754541,8,11,0
2025-02-28 13:13:55.889660,8,13,0
2025-02-28 13:14:07.519207,7,13,0
2025-02-28 13:14:18.842380,7,13,0
2025-02-28 13:14:30.145025,8,12,0
2025-02-28 13:14:42.493164,9,11,0
2025-02-28 13:14:53.697691,8,11,1
2025-02-28 13:15:04.763779,8,11,0
2025-02-28 13:15:15.794055,9,10,0
2025-02-28 13:15:26.880159,9,10,0
2025-02-28 13:15:37.965932,9,10,0
2025-02-28 13:15:48.921594,9,10,0
2025-02-28 13:15:59.863788,8,10,0
2025-02-28 13:16:10.948586,8,10,0
2025-02-28 13:16:21.875409,8,10,0
2025-02-28 13:16:32.935419,8,10,0
2025-02-28 13:16:43.972643,8,10,0
2025-02-28 13:16:54.867543,8,10,0
2025-02-28 13:17:05.915796,8,10,0
2025-02-28 13:17:16.825861,8,10,0
2025-02-28 13:17:27.875233,8,10,0
2025-02-28 13:17:38.994790,8,10,0
2025-02-28 13:17:50.037299,8,10,0
2025-02-28 13:18:01.136498,8,10,0
2025-02-28 13:18:12.041847,8,10,0
2025-02-28 13:18:23.147980,8,10,0
2025-02-28 13:18:34.080828,7,10,0
2025-02-28 13:18:45.235138,7,10,0
2025-02-28 13:18:56.144969,8,9,0
2025-02-28 13:19:07.070102,8,9,0
2025-02-28 13:19:18.127015,7,9,1
2025-02-28 13:19:29.225910,8,8,0
2025-02-28 13:19:40.244018,8,8,0
2025-02-28 13:19:51.281676,8,8,0
2025-02-28 13:20:02.415711,8,8,0
2025-02-28 13:20:13.403786,8,8,0
2025-02-28 13:20:24.313957,8,8,0
2025-02-28 13:20:35.437340,8,8,0
2025-02-28 13:20:46.372941,8,8,0
2025-02-28 13:20:57.426580,8,8,0
2025-02-28 13:21:08.354403,8,8,0
2025-02-28 13:21:19.628959,8,8,0
2025-02-28 13:21:30.900357,8,8,0
2025-02-28 13:21:41.996035,8,8,0
2025-02-28 13:21:53.059364,8,8,0
2025-02-28 13:22:04.132714,8,8,0
2025-02-28 13:22:15.067506,8,8,0
2025-02-28 13:22:26.144706,8,8,0
2025-02-28 13:22:37.086070,8,8,0
2025-02-28 13:22:48.143608,8,8,0
2025-02-28 13:22:59.227230,8,8,0
2025-02-28 13:23:10.261817,8,8,0
2025-02-28 13:23:21.316368,8,8,0
2025-02-28 13:23:32.584291,8,8,0
2025-02-28 13:23:43.660213,8,8,0
2025-02-28 13:23:54.630055,8,8,0
2025-02-28 13:24:05.918787,8,8,0
2025-02-28 13:24:16.802871,8,8,0
2025-02-28 13:24:27.857231,7,8,1
2025-02-28 13:24:39.095421,7,8,0
2025-02-28 13:24:50.335121,7,8,0
2025-02-28 13:25:01.501373,7,8,0
2025-02-28 13:25:12.729916,6,8,1
2025-02-28 13:25:23.901751,6,8,0
2025-02-28 13:25:34.975146,7,7,0
2025-02-28 13:25:46.081753,7,7,0
2025-02-28 13:25:57.313722,7,7,0
2025-02-28 13:26:08.532709,7,7,0
2025-02-28 13:26:19.772769,7,7,0
2025-02-28 13:26:30.988575,7,7,0
2025-02-28 13:26:42.170853,7,7,0
2025-02-28 13:26:53.191738,7,7,0
2025-02-28 13:27:04.294296,7,7,0
2025-02-28 13:27:15.385368,7,7,0
2025-02-28 13:27:26.328750,6,7,0
2025-02-28 13:27:37.424671,7,6,0
2025-02-28 13:27:48.350675,7,6,0
2025-02-28 13:27:59.391433,7,6,0
2025-02-28 13:28:10.315669,7,6,0
2025-02-28 13:28:21.618765,7,6,0
2025-02-28 13:28:32.869962,8,5,0
2025-02-28 13:28:44.057356,8,5,0
2025-02-28 13:28:55.358260,8,5,0
2025-02-28 13:29:06.589847,8,5,0
2025-02-28 13:29:17.827811,8,5,0
2025-02-28 13:29:29.136615,8,5,0
2025-02-28 13:29:40.258372,8,5,0
2025-02-28 13:29:51.602774,8,5,0
2025-02-28 13:30:02.832685,7,5,1
2025-02-28 13:30:14.083842,8,4,0
2025-02-28 13:30:25.262491,8,3,0
2025-02-28 13:30:36.441953,9,2,0
2025-02-28 13:30:47.463468,9,2,0
2025-02-28 13:30:58.364070,9,2,0
2025-02-28 13:31:09.568819,8,2,1
2025-02-28 13:31:20.623491,8,2,0
2025-02-28 13:31:31.688403,9,1,0
2025-02-28 13:31:45.903713,9,2,0
2025-02-28 13:31:59.451422,9,3,0
2025-02-28 13:32:10.419576,9,3,0
2025-02-28 13:32:21.471763,9,3,0
2025-02-28 13:32:32.470743,9,3,0
2025-02-28 13:32:43.469789,9,3,0
2025-02-28 13:32:54.458640,9,3,0
2025-02-28 13:33:05.437893,9,3,0
2025-02-28 13:33:16.468669,9,3,0
2025-02-28 13:33:27.549022,9,3,0
2025-02-28 13:33:38.761732,8,3,0
2025-02-28 13:33:49.943626,8,3,0
2025-02-28 13:34:00.909729,9,2,0
2025-02-28 13:34:11.823615,9,2,0
2025-02-28 13:34:22.889543,9,2,0
2025-02-28 13:34:33.787564,9,2,0
2025-02-28 13:34:44.910571,9,2,0
2025-02-28 13:34:55.865177,8,2,0
2025-02-28 13:35:06.890463,8,2,0
2025-02-28 13:35:17.845544,9,1,0
2025-02-28 13:35:31.735420,9,2,0
2025-02-28 13:35:46.266860,9,3,0
2025-02-28 13:35:57.291791,9,3,0
2025-02-28 13:36:08.362761,10,2,0
2025-02-28 13:36:19.411847,10,2,0
2025-02-28 13:36:30.314285,10,2,0
2025-02-28 13:36:41.409077,10,2,0
2025-02-28 13:36:52.319865,11,1,0
2025-02-28 13:37:05.861888,11,2,0
2025-02-28 13:37:19.710972,11,3,0
2025-02-28 13:37:30.682351,11,3,0
2025-02-28 13:37:41.855045,10,3,1
2025-02-28 13:37:53.147811,10,3,0
2025-02-28 13:38:04.327815,11,2,0
2025-02-28 13:38:15.587002,11,2,0
2025-02-28 13:38:26.835924,11,2,0
2025-02-28 13:38:38.096924,11,2,0
2025-02-28 13:38:49.355000,11,2,0
2025-02-28 13:39:00.567837,10,2,1
2025-02-28 13:39:11.846747,10,2,0
2025-02-28 13:39:22.884715,10,2,0
2025-02-28 13:39:33.789744,11,1,0
2025-02-28 13:39:47.453856,11,2,0
2025-02-28 13:40:01.256995,11,3,0
2025-02-28 13:40:12.471704,11,3,0
2025-02-28 13:40:23.575111,11,3,0
2025-02-28 13:40:34.783400,11,3,0
2025-02-28 13:40:46.083000,11,3,0
2025-02-28 13:40:57.382993,11,3,0
2025-02-28 13:41:08.448115,11,3,0
2025-02-28 13:41:19.566108,11,3,0
2025-02-28 13:41:30.819516,12,2,0
2025-02-28 13:41:42.077096,12,2,0
2025-02-28 13:41:53.281969,12,2,0
2025-02-28 13:42:04.594257,11,4,0
2025-02-28 13:42:16.001295,10,6,1
2025-02-28 13:42:27.362202,11,5,0
2025-02-28 13:42:38.404551,12,4,0
2025-02-28 13:42:49.325379,12,4,0
2025-02-28 13:43:00.390102,11,4,0
2025-02-28 13:43:11.315195,12,3,0
2025-02-28 13:43:22.543474,11,5,1
2025-02-28 13:43:33.785143,10,5,0
2025-02-28 13:43:44.978888,10,5,0
2025-02-28 13:43:56.079126,10,5,0
2025-02-28 13:44:07.345272,10,5,0
2025-02-28 13:44:18.539227,10,5,0
2025-02-28 13:44:29.959025,10,5,0
2025-02-28 13:44:41.143939,10,5,0
2025-02-28 13:44:52.203096,10,5,0
2025-02-28 13:45:03.242453,9,9,1
2025-02-28 13:45:14.423948,8,9,0
2025-02-28 13:45:25.586411,8,9,0
2025-02-28 13:45:36.940189,8,9,0
2025-02-28 13:45:47.858121,8,9,0
2025-02-28 13:45:58.898445,8,9,0
2025-02-28 13:46:09.802296,8,9,0
2025-02-28 13:46:20.884558,7,9,0
2025-02-28 13:46:31.931516,8,8,0
2025-02-28 13:46:42.837313,8,8,0
2025-02-28 13:46:53.888410,8,8,0
2025-02-28 13:47:04.797245,8,8,0
2025-02-28 13:47:15.885492,8,8,0
2025-02-28 13:47:26.789391,8,8,0
2025-02-28 13:47:37.887299,8,10,0
2025-02-28 13:47:48.936690,7,10,0
2025-02-28 13:47:59.996367,7,10,0
2025-02-28 13:48:10.975344,7,10,0
2025-02-28 13:48:22.430116,7,10,0
2025-02-28 13:48:33.427516,7,10,0
2025-02-28 13:48:44.476504,7,10,0
2025-02-28 13:48:55.665254,7,10,0
2025-02-28 13:49:06.698703,7,12,0
2025-02-28 13:49:17.656756,5,12,0
2025-02-28 13:49:28.755032,4,14,1
2025-02-28 13:49:40.066483,4,14,0
2025-02-28 13:49:51.204604,4,14,0
2025-02-28 13:50:07.416624,5,13,0
2025-02-28 13:50:18.523516,4,13,0
2025-02-28 13:50:29.719914,4,13,0
2025-02-28 13:50:40.971538,5,12,0
2025-02-28 13:50:52.074467,5,12,0
2025-02-28 13:51:03.437582,5,12,0
2025-02-28 13:51:14.418590,5,12,0
2025-02-28 13:51:25.651503,5,12,0
2025-02-28 13:51:36.623803,5,12,0
2025-02-28 13:51:47.661487,5,12,0
2025-02-28 13:51:58.557523,4,12,1
2025-02-28 13:52:09.641456,4,12,0
2025-02-28 13:52:20.541814,5,11,0
2025-02-28 13:52:31.623627,5,11,0
2025-02-28 13:52:42.740334,5,11,0
2025-02-28 13:52:53.774091,5,11,0
2025-02-28 13:53:04.777422,5,11,0
2025-02-28 13:53:15.847351,5,11,0
2025-02-28 13:53:26.882702,5,11,0
2025-02-28 13:53:37.846703,5,11,0
2025-02-28 13:53:48.882498,6,10,0
2025-02-28 13:53:59.942411,6,10,0
2025-02-28 13:54:10.865511,6,10,0
2025-02-28 13:54:22.075652,6,10,0
2025-02-28 13:54:33.178376,6,10,0
2025-02-28 13:54:44.056543,6,10,0
2025-02-28 13:54:55.142282,7,9,0
2025-02-28 13:55:06.039304,8,8,0
2025-02-28 13:55:17.130457,8,8,0
2025-02-28 13:55:28.180375,7,8,0
2025-02-28 13:55:39.078296,7,8,0
2025-02-28 13:55:50.123209,8,7,0
2025-02-28 13:56:01.177337,8,7,0
2025-02-28 13:56:12.057235,8,7,0
2025-02-28 13:56:23.141489,8,7,0
2025-02-28 13:56:34.085375,8,7,0
2025-02-28 13:56:45.142282,9,6,0
2025-02-28 13:56:56.056697,9,6,0
2025-02-28 13:57:07.125372,11,4,0
2025-02-28 13:57:18.019182,11,4,0
2025-02-28 13:57:29.099317,12,3,0
2025-02-28 13:57:40.359726,12,3,0
2025-02-28 13:57:51.267405,12,3,0
2025-02-28 13:58:02.284285,13,2,0
2025-02-28 13:58:13.336363,13,2,0
2025-02-28 13:58:24.376291,13,2,0
2025-02-28 13:58:35.421426,13,2,0
2025-02-28 13:58:46.336273,13,2,0
2025-02-28 13:58:57.374537,13,2,0
2025-02-28 13:59:08.446560,13,2,0
2025-02-28 13:59:19.370411,13,2,0
2025-02-28 13:59:30.458343,13,2,0
2025-02-28 13:59:41.376394,12,2,0
2025-02-28 13:59:52.462288,12,2,0
2025-02-28 14:00:03.434234,13,1,0
2025-02-28 14:00:17.552510,13,2,0
2025-02-28 14:00:32.816630,13,3,0
2025-02-28 14:00:43.895436,13,3,0
2025-02-28 14:00:54.802528,13,3,0
2025-02-28 14:01:05.891187,13,3,0
2025-02-28 14:01:16.788592,13,3,0
2025-02-28 14:01:27.850780,13,3,0
2025-02-28 14:01:38.902564,12,3,0
2025-02-28 14:01:49.837536,12,3,0
2025-02-28 14:02:00.908421,13,2,0
2025-02-28 14:02:11.890535,13,2,0
2025-02-28 14:02:22.870413,13,2,0
2025-02-28 14:02:33.907596,13,2,0
2025-02-28 14:02:44.815629,13,2,0
2025-02-28 14:02:55.853765,13,2,0
2025-02-28 14:03:06.925474,13,2,0
2025-02-28 14:03:17.830483,13,2,0
2025-02-28 14:03:28.943317,13,2,0
2025-02-28 14:03:39.838046,12,2,0
2025-02-28 14:03:50.890918,12,2,0
2025-02-28 14:04:01.785448,13,1,0
2025-02-28 14:04:15.333150,13,2,0
2025-02-28 14:04:29.051560,13,3,0
2025-02-28 14:04:40.294567,12,3,0
2025-02-28 14:04:51.369478,10,3,1
2025-02-28 14:05:02.426213,10,3,0
2025-02-28 14:05:13.320262,11,1,1
2025-02-28 14:05:26.992266,11,2,0
2025-02-28 14:05:41.953598,12,2,0
2025-02-28 14:05:55.648774,12,3,0
2025-02-28 14:06:06.688681,12,3,0
2025-02-28 14:06:17.589938,12,3,0
2025-02-28 14:06:28.651716,12,3,0
2025-02-28 14:06:39.534347,12,3,0
2025-02-28 14:06:50.552641,11,3,1
2025-02-28 14:07:01.628362,11,3,0
2025-02-28 14:07:12.648605,12,2,0
2025-02-28 14:07:23.532351,12,2,0
2025-02-28 14:07:34.553527,12,2,0
2025-02-28 14:07:45.614265,11,2,0
2025-02-28 14:07:56.658347,12,1,0
2025-02-28 14:08:09.950601,12,2,0
2025-02-28 14:08:23.735755,12,3,0
2025-02-28 14:08:34.625862,12,3,0
2025-02-28 14:08:45.723226,12,3,0
2025-02-28 14:08:56.610848,12,3,0
2025-02-28 14:09:07.638823,12,3,0
2025-02-28 14:09:18.535422,12,3,0
2025-02-28 14:09:29.620806,12,3,0
2025-02-28 14:09:40.670572,12,3,0
2025-02-28 14:09:51.593578,12,3,0
2025-02-28 14:10:02.643287,11,3,0
2025-02-28 14:10:13.547462,10,3,0
2025-02-28 14:10:24.588629,12,1,0
2025-02-28 14:10:38.471900,13,1,0
2025-02-28 14:10:51.845768,13,2,0
2025-02-28 14:11:05.215250,13,3,0
2025-02-28 14:11:16.125966,12,7,0
2025-02-28 14:11:27.205882,11,7,0
2025-02-28 14:11:38.114113,9,10,1
2025-02-28 14:11:49.140877,10,9,0
2025-02-28 14:12:00.027087,12,7,0
2025-02-28 14:12:11.107762,12,7,0
2025-02-28 14:12:22.184185,13,6,0
2025-02-28 14:12:33.097846,13,6,0
2025-02-28 14:12:44.167752,13,6,0
2025-02-28 14:12:55.121967,13,6,0
2025-02-28 14:13:06.154894,13,6,0
2025-02-28 14:13:17.120029,13,6,0
2025-02-28 14:13:28.192027,13,6,0
2025-02-28 14:13:39.084035,13,8,0
2025-02-28 14:13:50.130154,12,8,0
2025-02-28 14:14:01.198850,13,7,0
2025-02-28 14:14:12.112243,12,7,0
2025-02-28 14:14:23.448035,12,7,0
2025-02-28 14:14:34.343042,13,6,0
2025-02-28 14:14:45.400152,13,6,0
2025-02-28 14:14:56.380038,13,6,0
2025-02-28 14:15:07.429917,13,6,0
2025-02-28 14:15:18.308075,13,6,0
2025-02-28 14:15:29.373608,13,6,0
2025-02-28 14:15:40.316207,13,6,0
2025-02-28 14:15:52.458655,12,6,0
2025-02-28 14:16:03.351951,11,8,0
2025-02-28 14:16:14.415076,12,8,1
2025-02-28 14:16:25.332432,11,10,1
2025-02-28 14:16:36.418436,11,10,0
2025-02-28 14:16:47.340262,13,8,0
2025-02-28 14:16:58.378522,12,10,0
2025-02-28 14:17:09.413837,12,10,0
2025-02-28 14:17:20.308384,13,9,0
2025-02-28 14:17:31.426385,13,9,0
2025-02-28 14:17:42.319344,13,9,0
2025-02-28 14:17:53.404275,13,9,0
2025-02-28 14:18:04.368460,13,9,0
2025-02-28 14:18:15.420648,11,13,0
2025-02-28 14:18:26.733650,13,11,0
2025-02-28 14:18:37.850650,13,11,0
